Title,Authors,Adviser,Publication_Year,Department_Or_Program,Research_Code,Abstract,Keywords,Shelf_Location
SPEAK UP: A Virtual Speech Training Simulator,Clyde Andre D. L. Anicete; Angelo N. Espiritu; Richard Vincent Go; Mohammed Jake O. Medallo,Prof. Maria Santos,2025,Bachelor of Science in Information Technology,RES-IT-2025-01,This capstone develops a virtual speech training simulator that helps STI Ormoc students practice presentations with guided feedback and progress tracking.,speech;simulation;education,Shelf A
Smart Library Attendance Companion,Ana Reyes; Luis Cruz,Prof. John Villanueva,2024,Bachelor of Science in Information Technology,RES-IT-2024-02,The study designs a companion mobile workflow that complements campus library attendance logging while keeping student identity checks under librarian supervision.,attendance;mobile;library,Shelf A
Campus Lost-and-Found Web Portal,Bianca Torres,Prof. Maria Santos,2023,Bachelor of Science in Information Technology,RES-IT-2023-03,This thesis proposes a lost-and-found portal for STI Ormoc that catalogs found items and notifies claimants through moderated staff review.,lost and found;web portal,Shelf A
Ormoc Eco-Tour Itinerary Planner,Carla Mendoza; Paolo Ramos,Prof. Elaine Dizon,2025,Bachelor of Science in Tourism Management,RES-TM-2025-01,The project builds an itinerary planner that recommends Ormoc eco-tourism routes with transport estimates and local partner contacts for student tour operators.,eco-tourism;itinerary;Ormoc,Shelf B
Community Homestay Readiness Assessment,Diego Salazar,Prof. Elaine Dizon,2024,Bachelor of Science in Tourism Management,RES-TM-2024-02,This study assesses homestay readiness among selected Ormoc households and recommends training modules for guest service and safety compliance.,homestay;community tourism,Shelf B
Digital Souvenir Marketing for Local Tours,Faith Navarro; Grace Lim,Prof. Roberto Tan,2023,Bachelor of Science in Tourism Management,RES-TM-2023-03,The research evaluates digital souvenir marketing tactics for local tour packages and measures visitor purchase intent among campus visitors.,souvenirs;digital marketing,Shelf B
Kitchen Waste Reduction in Campus Catering,Helen Ong; Ivan Perez,Prof. Camille Reyes,2025,Bachelor of Science in Hospitality Management,RES-HM-2025-01,This capstone measures kitchen waste in a campus catering simulation and proposes portioning and inventory controls suitable for student-run outlets.,waste reduction;catering,Shelf C
Guest Feedback Dashboard for Training Hotels,Julie Ann Castro,Prof. Camille Reyes,2024,Bachelor of Science in Hospitality Management,RES-HM-2024-02,The study develops a guest feedback dashboard that helps hospitality trainees prioritize service recovery actions during practicum shifts.,guest feedback;service recovery,Shelf C
Event Banquet Layout Optimizer,Kevin Morales; Lara Sy,Prof. Roberto Tan,2023,Bachelor of Science in Hospitality Management,RES-HM-2023-03,This thesis creates a banquet layout optimizer that balances seating capacity and service aisles for school event venues in Ormoc.,banquet;layout;events,Shelf C
Mobile Menu Board for Culinary Labs,Mark Villanueva,Prof. Camille Reyes,2025,Culinary Arts,RES-CA-2025-01,The project introduces a mobile menu board for culinary laboratory services that updates daily specials and allergen notes for student diners.,culinary;menu board;allergens,Shelf C
Tourism Operations Field Guide App,Nina Gomez; Oscar Tan,Prof. Elaine Dizon,2024,Tourism Operations,RES-TO-2024-01,This study packages a field guide application for tourism operations trainees covering site briefings and contingency checklists for Ormoc tours.,tourism operations;field guide,Shelf B
Local Heritage Walk Story Map,Patricia Uy,Prof. John Villanueva,2025,Bachelor of Science in Information Technology,RES-IT-2025-04,The capstone builds a story map that guides visitors through Ormoc heritage walks with multimedia stops curated by campus researchers.,heritage;story map;GIS,Shelf A
Sustainable Front-Office Checklists,Quinn Herrera; Rita Chua,Prof. Camille Reyes,2024,Bachelor of Science in Hospitality Management,RES-HM-2024-04,This research designs sustainable front-office checklists that reduce paper use while preserving guest privacy during training hotel operations.,front office;sustainability,Shelf C
Visitor Flow Study for Lake Danao Day Tours,Samuel Cruz,Prof. Elaine Dizon,2023,Bachelor of Science in Tourism Management,RES-TM-2023-04,The thesis studies visitor flow at Lake Danao day tours and recommends pacing strategies that improve satisfaction without overcrowding trailheads.,visitor flow;Lake Danao,Shelf B
Inventory Alert Bot for Print Supplies Desk,Tina Ramos; Uriel Go,Prof. Maria Santos,2025,Bachelor of Science in Information Technology,RES-IT-2025-05,This project prototypes an inventory alert bot for the library print supplies desk that notifies staff when ink and paper reach reorder thresholds.,inventory;alerts;printing,Shelf D
